id;prenom;nom;telephone;specialite
1;Web Fresh Implementation;methodology Peru Soft;(745) 275-3530 x693;bypass Associate Borders
2;compelling JBOD;Buckinghamshire Wooden;(313) 592-6130;alarm
3;Awesome Metal Ball Outdoors National;Frozen ADP;(808) 664-7940 x7002;Movies
4;Tennessee Kip;Paradigm Forest;(296) 602-5017;Saudi Riyal copy
5;Lakes deposit;Personal Loan Account;476.368.9525;Sausages Surinam Dollar Awesome
6;Avon quantifying Money Market Account;Gloves Checking Account Balanced;1-404-001-0120 x408;Bridge enhance Steel
7;Credit Card Account;Markets copying Regional;900.265.4394;driver silver 24 hour
8;Graphic Interface indigo;Hong Kong Dollar Usability;1-241-649-8623 x7250;deposit Wisconsin SQL
9;Response Poland Lebanese Pound;Specialist;1-962-884-7056;Texas deploy payment
10;Cuba International ability;Computers Plain;(304) 927-6615 x13761;deposit
