id;prenom;nom;telephone;adresse
1;Steel Graphical User Interface;Personal Loan Account;(945) 593-4314 x6755;Texas
2;Pre-emptive;Iraq;647-921-1077;open architecture Timor-Leste
3;Toys;navigating withdrawal Credit Card Account;065.537.2525;Operations integrated
4;even-keeled;Unbranded Pants;666.400.3038 x293;GB Plastic compressing
5;Frozen Checking Account Sleek Concrete Shirt;Refined 1080p;503.959.2721;Intelligent Granite Shoes
6;Future;navigating Synchronised Fantastic Fresh Table;324-906-2436 x614;dot-com
7;contingency;withdrawal AI;(217) 270-0270 x03903;Handcrafted
8;Maryland invoice HDD;District definition;1-603-159-9196 x885;circuit Chief
9;digital Fully-configurable Handcrafted Cotton Gloves;extend Branch;602-419-3435;Assimilated
10;Yen primary;synthesize;(210) 263-3654;Intelligent quantifying
